CH1,CH2,CH3,CH4,Timestamp
2.5660194667266154,-8.478374360021077,-11.615907972244718,1.5324092357545471,1731337436.787568
13.4618796243414,-76.31198192107475,-101.25723239686542,6.407336081395071,1731337436.787572
18.66800606518091,-337.3089129623913,-433.7000469347248,-3.0062650524841095,1731337436.7875736
-55.8515071976235,-988.5649142339882,-1233.8099578331007,-93.77584521902276,1731337436.7875738
-343.5502980237021,-2183.012291174854,-2651.151488511817,-376.93595035300143,1731337436.7875764
-966.4789970848199,-3898.9807423210887,-4619.055234689448,-947.2327410624556,1731337436.7875767
-1940.3346363219111,-5879.157853537933,-6808.762825793866,-1807.228820575779,1731337436.7875812
-3121.0758636256382,-7678.3109828689885,-8706.090440221087,-2827.1158892023586,1731337436.7875817
-4223.283054311241,-8792.333184323146,-9766.795583934414,-3762.4060910245953,1731337436.787584
-4898.91237269243,-8812.785445962756,-9585.46520199094,-4320.164470602653,1731337436.7875843
-4845.077096958426,-7561.003185249545,-8030.9594510744355,-4249.598385891342,1731337436.7875865
-3908.785646321303,-5168.895545666193,-5316.3861365065095,-3430.3921353935,1731337436.787587
-2156.9882770386976,-2070.428981597506,-1966.6193258556304,-1929.6183106684912,1731337436.7875948
121.29661905948888,1120.8769493500004,1337.409130709013,1.732098412612686,1731337436.7875953
2497.409478173897,3817.4853254085174,3991.8434685239918,2002.8667743166297,1731337436.7875967
4545.442703080742,5656.027670301031,5673.638457108114,3722.9924190376187,1731337436.7875974
3.7260870469086074,11.147377817974133,12.545866329921413,3.1866364257001885,1731337436.7876003
33.50273509693231,90.78115770568165,101.2644215783082,28.614849660526968,1731337436.7876089
148.72043686140665,362.2632963727105,399.6272917633778,126.81177718928996,1731337436.7876108
440.2622521936009,960.282759531448,1044.9315116018722,374.53545236381774,1731337436.7876112
985.7907325412407,1921.331340036676,2055.6401662921276,835.7112463934644,1731337436.7876136
1782.3699682410913,3093.920593377,3239.7171264151957,1503.4096227794455,1731337436.787614
2691.4349436328343,4127.352003776524,4198.167903650729,2254.801845858243,1731337436.7876167
3435.1272075678626,4567.41828334246,4447.6255830428145,2852.5908528784157,1731337436.7876172
3666.075930546722,4032.2128820116923,3619.82796380698,3007.831310163412,1731337436.78762
3091.289564051105,2382.216329855495,1635.4242689157109,2483.7849738592377,1731337436.7876203
1593.216259460154,-203.62880809920898,-1239.783132132834,1193.20817251482,1731337436.7876232
-710.6710602346502,-3277.5513890332804,-4476.162328554419,-756.3616057938052,1731337436.7876236
-3493.641155490128,-6264.939824042507,-7449.932964947089,-3086.374680407069,1731337436.7876253
-6313.7515915851545,-8637.584898824949,-9631.246070580746,-5426.346827708825,1731337436.7876256
-8739.650961116422,-10067.277472877191,-10738.898739137192,-7419.811254618908,1731337436.787628
-10472.692455446842,-10523.964862593304,-10826.759046593783,-8827.175051476457,1731337436.7876282
-11432.189596472483,-10281.607693155078,-10264.379047699724,-9594.68623777965,1731337436.78763
-11769.592259732643,-9806.950340536234,-9591.492842505657,-9860.163404580482,1731337436.7876303
-11794.691478637236,-9562.80136537402,-9293.120690362928,-9885.613909262545,1731337436.787633
-11839.157890155446,-9816.628759961648,-9602.309400870057,-9942.392410161701,1731337436.7876332
-12118.887113669756,-10545.138224944414,-10424.169094764315,-10200.18067342326,1731337436.7876348
-12655.955931674544,-11466.732442875771,-11400.860119842604,-10666.85961431652,1731337436.787635
-13285.629802310606,-12168.718686540014,-12067.975339590863,-11197.305151146866,1731337436.7876372
-13733.86005882331,-12269.60768398142,-12033.325332735956,-11559.001014934212,1731337436.7876377
-13730.544013812323,-11566.284445304249,-11126.91974216362,-11527.41596129915,1731337436.7876463
-13122.103633591323,-10128.062209846394,-9485.093199426949,-10980.772397948429,1731337436.7876465
-11948.676529222052,-8298.988478544343,-7529.388891067356,-9962.651602184807,1731337436.7876484
-10452.157153987908,-6584.7459255140275,-5820.825329642859,-8683.44018624362,1731337436.787649
-8999.358425648534,-5457.201186651364,-4837.687789484626,-7451.23995472549,1731337436.78765
-7946.053461656789,-5167.581530382042,-4784.053930735565,-6557.886419854127,1731337436.7876503
-7503.293028574903,-5658.070688373176,-5521.6048707042355,-6171.086715313955,1731337436.7876523
-7666.302546326304,-6602.299311887706,-6642.759942998644,-6279.462255896768,1731337436.7876525
-8229.94968546112,-7540.195188156329,-7634.316739690723,-6707.866608416429,1731337436.787655
-8873.464640709804,-8045.430347207002,-8060.6974528785795,-7188.79000027827,1731337436.787655
-9277.631383844884,-7873.787974565523,-7714.265752836131,-7460.728266474325,1731337436.7876573
-9238.888877369463,-7056.093812039588,-6697.462861920241,-7363.734933562577,1731337436.7876587
-8747.684120721184,-5899.668617077172,-5400.107409803197,-6902.612029280281,1731337436.7876606
-7998.105312496424,-4875.616687139962,-4353.570604722947,-6249.628910633735,1731337436.7876608
-7312.83693987783,-4424.67545162281,-4009.6561808041297,-5677.0228414312005,1731337436.7876625
-7008.739580416121,-4771.651338889729,-4550.273451686371,-5444.251465746667,1731337436.7876627
-7264.17662277678,-5837.623888511211,-5819.722407290246,-5690.803100273479,1731337436.7876651
-8048.218496184796,-7280.2485934565775,-7397.537822502665,-6381.387145917397,1731337436.7876656
-9135.641710906755,-8627.624861224554,-8761.13603669079,-7320.871535625774,1731337436.7876675
-10190.976390673313,-9444.81890093023,-9468.181880100165,-8225.31868081307,1731337436.787668
-10885.748739012517,-9482.506047777366,-9307.210719714407,-8820.81559440447,1731337436.7876697
-11013.619284518994,-8771.221531288698,-8381.053150272928,-8940.438379818108,1731337436.78767
-10569.784051024355,-7623.604348285124,-7084.810236422345,-8588.797489471268,1731337436.7876713
-9760.145848457702,-6520.5289698485285,-5958.717227583751,-7944.534505772404,1731337436.787676
-8924.036613058299,-5914.606012058444,-5464.701836318709,-7290.865805231966,1731337436.7876785
-8397.176978455856,-6043.37683937978,-5795.228637087159,-6900.696379052475,1731337436.7876787
-8377.314423874952,-6842.019326968119,-6806.675277651288,-6928.240356729366,1731337436.7876804
-8853.022010388784,-7984.695244937204,-8093.5841724080965,-7354.112467856146,1731337436.7876809
-9619.219409258105,-9019.206142743118,-9152.154159519821,-8001.094523251057,1731337436.7876823
-10361.709558698349,-9533.466549938545,-9562.462631195784,-8605.860213803127,1731337436.7876835
-10773.744385027327,-9302.34025845863,-9137.126697175205,-8916.902333484031,1731337436.7876852
-10668.873669382185,-8378.157899561338,-8000.734712631442,-8788.682245889679,1731337436.7876856
-10057.537923177704,-7089.032725812867,-6563.624681053683,-8242.81029667519,1731337436.7876875
-9154.838211175054,-5923.525941715576,-5373.400262502953,-7468.957248063758,1731337436.787688
-8303.5655525513,-5335.280028324574,-4893.091453490779,-6756.080922560766,1731337436.7876904
-7837.75917204842,-5557.504665337503,-5311.491766969673,-6378.478908370249,1731337436.7876909
-7948.547399124131,-6516.208146404475,-6476.83291127719,-6487.5374964457005,1731337436.7876923
-8613.351832633838,-7872.425737787038,-7971.645511744544,-7056.8866715002805,1731337436.7876923
-9612.583904996514,-9158.527496229857,-9277.7441046983,-7898.649594396353,1731337436.787694
-10615.94455145672,-9946.468576455489,-9960.12026436627,-8736.093666698784,1731337436.7876942
-11300.82176133059,-9996.179508529603,-9817.081407018006,-9303.012157572433,1731337436.787696
-11466.703316293657,-9347.328208755702,-8960.853684132919,-9439.69280509092,1731337436.7876964
-11112.559782406315,-8317.855920379981,-7791.47674645856,-9155.510693687946,1731337436.787698
-10444.22653579712,-7387.5319296866655,-6847.082908801734,-8629.911922780797,1731337436.7876983
-9796.617061359808,-7001.67584467493,-6581.151506565511,-8142.793964235112,1731337436.7876997
-9497.213648946956,-7386.337703542784,-7173.834072360769,-7960.304682733491,1731337436.7877
-9732.539058255032,-8462.903599973768,-8467.419405702502,-8227.188782285899,1731337436.7877028
-10477.51063356921,-9890.467053648084,-10041.550397068262,-8912.15488550812,1731337436.7877033
-11511.031900260597,-11200.484047511593,-11376.541121471673,-9823.234380403534,1731337436.7877047
-12500.934016812593,-11963.359954237938,-12035.625854024664,-10679.540423642844,1731337436.787705
-13122.665975708514,-11937.407919509336,-11815.782634640113,-11211.392028251663,1731337436.7877076
-13175.61928152293,-11162.64342854172,-10830.312532063574,-11258.211466245353,1731337436.787708
-12661.998451031744,-9960.234583422542,-9483.312345845625,-10832.267897797748,1731337436.7877097
-11794.016053888947,-8815.23066912219,-8318.7677199319,-10119.289159409702,1731337436.78771
-10914.61381802708,-8178.853402899578,-7796.2989496756345,-9407.495182648301,1731337436.7877116
-10359.289261367172,-8282.974962726235,-8102.078556671739,-8971.885862205178,1731337436.7877119
-10322.034813649952,-9055.581686288118,-9085.513521682471,-8965.861659936607,1731337436.7877133
-10785.804227966815,-10165.158736757934,-10336.499561592937,-9367.191790886223,1731337436.7877133
-11540.086059112102,-11157.398478224874,-11350.559172417969,-9995.032310292125,1731337436.7877157
-12267.03000112623,-11622.39022852853,-11711.461034819484,-10583.135343093425,1731337436.787716
-12659.023852963,-11341.249230913818,-11239.469725135714,-10879.336450580508,1731337436.787718
-12531.895647466183,-10375.16502442956,-10068.928410112858,-10740.388596903533,1731337436.7877183
-11900.283501137048,-9059.833179000765,-8617.59930446744,-10191.840006060898,1731337436.7877204
-10982.018258925527,-7884.578122228384,-7432.269296918064,-9425.423452354968,1731337436.787722
-10117.451172165573,-7293.818691257387,-6964.032641872764,-8726.48753356561,1731337436.7877238
-9631.996088918298,-7504.020126793534,-7382.123224832118,-8359.12913793698,1731337436.787724
-9704.407515462488,-8423.318725466728,-8515.079131942242,-8460.646800193936,1731337436.7877257
-10299.849646449089,-9699.390388991684,-9931.678787726909,-8990.66586380452,1731337436.787726
-11189.351840037853,-10857.775540731847,-11107.677666459233,-9750.076556574553,1731337436.7877283
-12037.058629315346,-11469.48109042272,-11608.524697326124,-10454.748868186027,1731337436.7877285
-12519.216182224452,-11298.845403842628,-11238.548417735845,-10835.855299104005,1731337436.78773
-12439.728671129793,-10395.18842260912,-10121.046770818532,-10737.14071662724,1731337436.7877305
-11807.548109192401,-9089.00706556812,-8669.273738920689,-10177.32989808917,1731337436.787732
-10841.152854688466,-7870.465469222516,-7431.232103548944,-9348.119006834924,1731337436.7877324
-9886.233150929213,-7188.928141400218,-6862.988974366337,-8540.302755206823,1731337436.7877345
-9276.22027169913,-7268.4154866710305,-7141.201025936753,-8026.907093528658,1731337436.7877347
-9199.239616274834,-8026.686291914433,-8104.074469015002,-7956.032313611358,1731337436.7877367
-9630.799680836499,-9123.17694889754,-9332.655232768506,-8299.360450409353,1731337436.787737
-10353.68370707333,-10097.85198899731,-10318.112090792507,-8871.384962372482,1731337436.7877388
-11045.884550742805,-10539.178186014295,-10644.573364324868,-9403.470672715455,1731337436.7877393
-11399.181205689907,-10230.612726408988,-10136.558385461569,-9643.333183914423,1731337436.7877424
-11232.56709909439,-9238.853706799448,-8935.322598285973,-9450.000526309013,1731337436.7877429
-10566.990260653198,-7906.582404732704,-7466.178658865392,-8853.702248066664,1731337436.7877448
-9627.854904301465,-6728.940952412784,-6281.225348442793,-8052.250382587314,1731337436.787745
-8761.538808718324,-6152.569640211761,-5832.3496781513095,-7336.528071075678,1731337436.787747
-8295.72317726165,-6392.159588113427,-6285.341185100377,-6973.877985738218,1731337436.787747
-8407.585554778576,-7352.201876334846,-7464.0228997170925,-7102.133982978761,1731337436.7877488
-9058.963985607028,-8678.034723825753,-8934.6813576743,-7679.897901199758,1731337436.787749
-10018.687079362571,-9896.63767568767,-10174.951077580452,-8507.459662467241,1731337436.7877507
-10951.916670113802,-10585.151288971305,-10757.010003909469,-9302.104042060673,1731337436.787751
-11539.428302019835,-10517.554516881704,-10495.300770953298,-9798.529681809247,1731337436.7877529
-11591.56873691827,-9753.033207178116,-9523.090848125517,-9844.562413185835,1731337436.787753
-11123.096292302012,-8628.188051320612,-8259.213049851358,-9461.45622214675,1731337436.7877555
-10355.032189905643,-7632.4734453856945,-7249.782987892628,-8840.321572333574,1731337436.7877555
-9630.149270579219,-7206.556558318436,-6940.7580923214555,-8267.416784606874,1731337436.787758
-9272.688704788685,-7559.0590674728155,-7492.389093957841,-8007.205761454999,1731337436.7877584
-9456.756103925407,-8589.32603533566,-8724.230445206165,-8196.169353716075,1731337436.7877605
-10142.250271953642,-9940.018851034343,-10200.992102786899,-8793.24079181254,1731337436.787762
-11098.148760288954,-11139.36160916835,-11402.972881250083,-9601.333137340844,1731337436.787764
-11992.637852475047,-11770.206171043217,-11909.847324229777,-10343.323184147477,1731337436.7877643
-12512.545696161687,-11616.017748825252,-11547.463946327567,-10762.500681847334,1731337436.7877665
-12476.66243302077,-10747.58629629761,-10462.334513157606,-10717.387865066528,1731337436.7877667
-11909.439263559878,-9513.04315110296,-9085.787073813379,-10240.584382027388,1731337436.7877693
-11041.577145643532,-8411.328363455832,-7973.494625553489,-9533.574623122811,1731337436.7877696
-10224.344099149108,-7889.573496520519,-7577.07915417105,-8890.465388603508,1731337436.7877715
-9788.26543994993,-8159.847943402827,-8058.828945361078,-8579.916971981525,1731337436.7877717
-9910.891950592399,-9122.5171687752,-9237.73301242292,-8738.763962350786,1731337436.7877731
-10552.837210774422,-10419.713399291039,-10676.562954045832,-9323.267603047192,1731337436.7877736
-11481.695402905345,-11578.31403902173,-11853.114600270987,-10131.757848270237,1731337436.7877755
-12362.76784606278,-12179.280826218426,-12344.213738761842,-10881.340753264725,1731337436.787776
-12878.967354804277,-12003.663052670658,-11972.541384667158,-11308.878940567374,1731337436.787778
-12844.869033664465,-11119.573147468269,-10881.425736524165,-11266.79381210357,1731337436.7877784
-12281.378543749452,-9872.695585511625,-9499.418450444937,-10783.2059302032,1731337436.7877803
-11416.805019721389,-8759.714710868895,-8379.61494359374,-10057.338268734515,1731337436.7877803
-10600.755966201425,-8225.06685218215,-7970.6056127771735,-9382.778578713536,1731337436.787784
-10162.11351159215,-8477.620658650994,-8431.403401955962,-9028.717346139252,1731337436.7877843
-10276.533407315612,-9414.89482972771,-9578.619045838714,-9133.233378395438,1731337436.787786
-10902.38221347332,-10677.019367471337,-10973.96839043498,-9653.957036808133,1731337436.7877865
-11804.19947938621,-11789.071882411838,-12094.552358374,-10389.492021009326,1731337436.787788
-12643.2253626585,-12329.9145129323,-12516.160116821527,-11055.508261799812,1731337436.7877884
-13098.289088532329,-12079.137119039893,-12061.082254484296,-11386.959471330047,1731337436.78779
-12981.487769126892,-11105.283569768071,-10874.119747921824,-11235.82711276412,1731337436.7877903
-12313.641690313816,-9755.964176759124,-9386.417838290334,-10631.776819244027,1731337436.787792
-11324.803655356169,-8529.560682415962,-8152.721430033445,-9776.511022299528,1731337436.7877924
-10367.101030662656,-7870.937967717648,-7621.340061858296,-8965.897460117936,1731337436.787794
-9772.162198707461,-7988.826983451843,-7950.1996657550335,-8470.95914131403,1731337436.7877944
-9718.904182970524,-8781.875667616725,-8956.300081461668,-8431.77075880766,1731337436.7877965
-10170.553153127432,-9894.517152547836,-10205.353141620755,-8809.431680038571,1731337436.7877967
-10899.586060613394,-10860.676301151514,-11183.439905300736,-9409.19379092753,1731337436.7877991
-11579.174718230963,-11272.860146820545,-11480.395979434252,-9957.43660749495,1731337436.7877996
-11903.444981738925,-10927.578109323978,-10935.768762260675,-10202.717508465052,1731337436.7878027
-11700.816930040717,-9910.297170609236,-9711.225624501705,-10010.722843661904,1731337436.7878044
-11006.088608011603,-8581.331205666065,-8250.020041316748,-9421.79413433373,1731337436.7878065
-10057.555566638708,-7443.740482509136,-7110.5629079043865,-8642.648639962077,1731337436.7878067
-9207.532271042466,-6937.3458552360535,-6735.047432765365,-7967.070513501763,1731337436.787809
-8779.3302128762,-7257.202371791005,-7266.967513427138,-7657.017528012395,1731337436.7878091
-8936.524433866143,-8282.62373766303,-8503.733351707458,-7837.850466236472,1731337436.7878108
-9622.725903436542,-9636.648179769516,-9989.915818750858,-8452.465731412172,1731337436.7878113
-10589.73791731894,-10833.19326068461,-11192.285824909806,-9287.143426522613,1731337436.7878127
-11491.916674241424,-11448.740436568856,-11685.666717141867,-10051.174746215343,1731337436.787813
-12008.393537163734,-11268.886489540339,-11299.781904652715,-10479.64056520164,1731337436.7878149
-11957.34245686233,-10373.149017333984,-10191.175899922848,-10428.979493528605,1731337436.787815
-11368.35319082439,-9120.2357930094,-8801.804027706385,-9934.707932040095,1731337436.7878168
-10479.40375611186,-8015.3715290129185,-7692.02623590827,-9203.300545558333,1731337436.7878172
-9646.70185893774,-7503.641073957086,-7308.7551687806845,-8532.49128486216,1731337436.7878196
-9200.485150784254,-7787.480764120817,-7802.244938403368,-8191.218853771687,1731337436.78782
-9312.918851360679,-8754.625583961606,-8977.901163130999,-8313.56265501678,1731337436.7878218
-9936.731604218483,-10036.837368533015,-10389.014617100358,-8851.937285587192,1731337436.787822
-10832.661353245378,-11156.775271207094,-11511.56054008007,-9602.262793585658,1731337436.7878253
-11663.308092921972,-11699.4987462461,-11929.711939126253,-10282.953922569752,1731337436.7878258
-12114.935682982206,-11458.60992333293,-11482.01896290481,-10637.101461574435,1731337436.7878284
-12011.44756129384,-10520.101950392127,-10332.05741429329,-10527.494766622782,1731337436.7878325
-11386.296147227287,-9245.918328091502,-8924.985231280327,-9993.605357378721,1731337436.7878344
-10478.593441933393,-8139.500427395105,-7818.617896780372,-9242.501951277256,1731337436.787835
-9642.137126028538,-7638.673397526145,-7451.354215011001,-8568.522514134645,1731337436.7878368
-9201.275484979153,-7934.962031722069,-7961.293620347977,-8233.643545284867,1731337436.787837
-9320.170555055141,-8905.03042010963,-9141.933497324586,-8362.996185138822,1731337436.7878387
-9943.522280842066,-10172.499120503664,-10538.05889955163,-8900.074966952205,1731337436.7878392
-10825.684371322393,-11255.948161140084,-11621.548236012459,-9633.423858135939,1731337436.787841
-11625.12936887145,-11739.789985179901,-11976.14585402608,-10276.260136201978,1731337436.7878416
-12026.149754464626,-11419.258305773139,-11442.46387320757,-10568.799738317728,1731337436.7878432
-11852.889137685299,-10383.74035216868,-10188.109380349517,-10373.678625419736,1731337436.7878437
-11141.646946430206,-9000.355245694518,-8664.173113822937,-9733.633358031511,1731337436.7878451
-10136.85463860631,-7779.021814540029,-7435.652833968401,-8862.464888975024,1731337436.7878456
-9198.878905028105,-7164.166686579585,-6948.052299886942,-8063.505439460278,1731337436.7878475
-8658.070903271437,-7352.682636499405,-7345.128018528223,-7607.947063818574,1731337436.7878492
-8682.417424976826,-8224.197086423635,-8423.516799479723,-7628.221878871322,1731337436.7878516
-9217.276328504086,-9402.188227534294,-9728.010558485985,-8071.468289017677,1731337436.787852
-10014.18277812004,-10401.839960932732,-10727.21250078082,-8725.092818379402,1731337436.7878537
-10726.002385050058,-10801.822331815958,-10999.207734942436,-9296.607657521963,1731337436.787854
-11030.722126185894,-10391.796684116125,-10379.131425023079,-9518.35926565528,1731337436.7878556
-10747.944879770279,-9258.14859214425,-9031.662763506174,-9246.239545613527,1731337436.787856
-9912.256757169962,-7767.583428740501,-7407.333696424961,-8519.056764006615,1731337436.7878575
-8768.88722255826,-6430.84323900938,-6071.444629073143,-7549.429051071405,1731337436.787858
-7681.059735894203,-5693.9511051476,-5470.255692154169,-6641.887103110552,1731337436.7878606
-6983.947037011385,-5756.8164166510105,-5749.648339569569,-6071.151078552008,1731337436.7878609
-6852.536522477865,-6504.538426429033,-6711.147530555725,-5975.666692554951,1731337436.787863
-7241.759043484926,-7569.513504266739,-7908.401100039482,-6311.351213365793,1731337436.7878635
-7915.593131005764,-8479.814447939396,-8823.329218149185,-6877.455349236727,1731337436.7878652
-8541.970570147038,-8830.404901325703,-9051.04547816515,-7396.104337275028,1731337436.7878656
-8815.096910148859,-8428.301004976034,-8444.770980775356,-7615.116848737001,1731337436.7878675
-8569.287207692862,-7374.528511226177,-7184.1662138700485,-7403.495870232582,1731337436.7878678
-7849.433685272932,-6043.855508744717,-5727.463785290718,-6807.852478146553,1731337436.7878716
-6903.874463498592,-4945.22516849637,-4636.994706273079,-6041.120224893093,1731337436.7878718
-6089.261979490519,-4511.0684804320335,-4343.724390536547,-5399.057631880045,1731337436.7878747
-5723.77867564559,-4917.274533182383,-4967.9163159132,-5138.478336691856,1731337436.7878752
-5957.200164377689,-6019.368704110384,-6280.597874164581,-5373.198760569096,1731337436.7878776
-6715.171172380447,-7419.98058745265,-7805.55298152566,-6031.59712177515,1731337436.787878
-7732.209697782993,-8620.436943292618,-8998.526128947735,-6885.812256187201,1731337436.7878988
-8649.373152643442,-9193.57440367341,-9433.555256992579,-7633.799229323864,1731337436.7879
-9138.991113215685,-8930.67095631361,-8949.561343252659,-8004.7343708872795,1731337436.7879064
-9020.927998572588,-7925.328756690025,-7720.449665814638,-7857.027914404869,1731337436.787907
-8334.653947025537,-6553.878970712423,-6207.603054285049,-7236.0058680176735,1731337436.7879095
-7332.471607208252,-5335.2456677258015,-4984.628428012133,-6362.469841986895,1731337436.78791
-6383.757613658905,-4719.155144006014,-4500.785938590765,-5548.184797495604,1731337436.7879124
-5826.267694920301,-4903.672656983137,-4899.173371523619,-5071.832785308361,1731337436.7879128
-5832.892167598009,-5767.651745766401,-5974.384899228811,-5071.404799550772,1731337436.7879157
-6352.716321885586,-6935.688509315252,-7272.123192131519,-5498.663688898087,1731337436.787916
-7142.728619545698,-7929.941658765078,-8268.859347581863,-6147.312549471855,1731337436.7879188
-7865.712405592203,-8343.961811453104,-8559.207917571068,-6735.320619404316,1731337436.7879224
-8214.51234447956,-7988.571975648403,-8001.2802776396275,-7009.708488702774,1731337436.7879255
-8026.1763280928135,-6972.43176484108,-6783.239208191633,-6842.433155238628,1731337436.7879255
-7351.057389646769,-5678.484477967024,-5371.6277167499065,-6285.501260876656,1731337436.7879276
-6442.949015617371,-4620.213023036718,-4332.4056849479675,-5557.051761597395,1731337436.787928
-5661.2292284965515,-4228.465855121613,-4093.312907934189,-4955.3175791502,1731337436.7879305
-5323.191227823496,-4672.6615098416805,-4766.544582277536,-4736.072346419096,1731337436.7879307
-5575.441426753998,-5800.886628270149,-6114.764946997166,-5009.760302364826,1731337436.787933
-6340.787175923586,-7211.681295990944,-7657.560140371323,-5701.404720544815,1731337436.7879333
-7354.239192485809,-8409.091727674007,-8853.917058676481,-6582.648373633623,1731337436.7880025
-8262.825870007277,-8976.82468032837,-9289.66308259964,-7355.9815953969955,1731337436.7880034
-8750.048407912254,-8723.087440788746,-8821.725313305855,-7760.142003953457,1731337436.7880073
-8649.397490561008,-7759.4422952234745,-7642.761829316616,-7665.740424931049,1731337436.7880075
-8012.514884471893,-6475.094852477312,-6226.922310352325,-7129.206796944141,1731337436.78801
-7098.294907957315,-5391.4299018085,-5148.979027688503,-6377.288989454508,1731337436.7880101
-6273.975255995989,-4948.079074919224,-4846.049992769957,-5719.590730845928,1731337436.7880127
-5866.075302839279,-5323.278445124626,-5439.516370236874,-5424.401873916388,1731337436.7880132
-6030.074107050896,-6372.570847302675,-6699.7088124156,-5613.8325740695,1731337436.7880173
-6696.066351830959,-7699.740708142519,-8151.760203301907,-6222.151703059673,1731337436.7880175
-7604.52590957284,-8812.15066921711,-9258.600316345692,-7027.3378076553345,1731337436.7880197
-8406.68844306469,-9295.978741019964,-9609.37757062912,-7735.687725275755,1731337436.78802
-8790.109728872776,-8962.367022395134,-9064.642306536436,-8087.883732318878,1731337436.7880225
-8593.18265169859,-7926.84241938591,-7821.170273095369,-7955.187588691711,1731337436.7880228
-7873.153837502003,-6582.585412234068,-6356.506031870842,-7393.586531877518,1731337436.7880251
-6893.545344889164,-5452.590325772762,-5245.667370915413,-6627.7836274802685,1731337436.7880256
-6022.9777356386185,-4973.684096485376,-4921.036362737417,-5962.7840902507305,1731337436.7880292
-5585.11841237545,-5317.440083503723,-5495.4417934417725,-5659.574925094843,1731337436.7880297
-5729.64350861311,-6332.111337393522,-6730.637169718742,-5831.729877740145,1731337436.788032
-6380.283241510391,-7616.789910823107,-8146.441529989243,-6406.185493439436,1731337436.7880323
-7272.435586154461,-8678.001509994268,-9204.823461532593,-7156.966234624386,1731337436.7881775
-8054.4377861619,-9104.401364713907,-9497.678010463715,-7790.735887467861,1731337436.788178
-8413.172531604767,-8711.357635736465,-8890.305773973465,-8052.239698290825,1731337436.7881806
-8187.964364349842,-7618.515507102013,-7584.155208259821,-7818.93711361289,1731337436.7881808
-7437.60821634531,-6221.484096348286,-6059.5909343361855,-7153.499524354935,1731337436.7881837
-6426.656829297543,-5043.162420451641,-4891.777386695147,-6286.384120345116,1731337436.7881851
-5523.482707560062,-4518.234398722649,-4511.285850375891,-5526.5536098480225,1731337436.7881894
-5050.3908213377,-4815.507392704487,-5028.784891188145,-5137.212534427643,1731337436.78819
-5155.23411989212,-5780.959029644728,-6204.620788961649,-5233.038818359375,1731337436.7881932
-5760.01574754715,-7012.424645334482,-7558.429441720247,-5741.415762543678,1731337436.7881935
-6599.066074192524,-8016.521727055311,-8553.385594904423,-6436.134042710066,1731337436.7881963
-7320.6769515872,-8383.208086967468,-8783.501114934683,-7022.62868475914,1731337436.7881968
-7612.747189819813,-7929.924660503864,-8116.436500072479,-7243.503025889397,1731337436.7882009
-7316.9822154045105,-6779.041714370251,-6756.134545862675,-6974.143322944641,1731337436.788201
-6496.227787435055,-5329.185387313366,-5185.253751993179,-6276.312353551388,1731337436.7882044
-5419.995434701443,-4105.20003259182,-3979.681402027607,-5380.698385775089,1731337436.788205
-4460.755558013916,-3541.2301941514015,-3567.893413722515,-4596.524568080902,1731337436.788208
-3942.5758759379387,-3803.32602506876,-4056.350935637951,-4186.256231307983,1731337436.7882085
-4012.7634848356247,-4734.544088661671,-5201.598214030266,-4262.881032466888,1731337436.788211
-4591.831778883934,-5931.623469948769,-6521.976370334625,-4752.171745181084,1731337436.7882116
-5412.873767077923,-6902.298459708691,-7482.024374306202,-5427.253424584866,1731337436.7882147
-6123.29962259531,-7238.9583904743195,-7678.639385819435,-5993.74029481411,1731337436.7882147
-6410.04635566473,-6761.705454647541,-6982.720516324043,-6194.687958061695,1731337436.7882192
-6113.379791200161,-5594.723199248314,-5600.623407959938,-5905.723546624184,1731337436.7882197
-5293.795383512974,-4136.262738704681,-4015.0423723459244,-5188.102320313454,1731337436.7882245
-4217.117699682713,-2907.5982548594475,-2798.374109208584,-4270.7286813259125,1731337436.7882247
-3250.6391556859016,-2336.2265484929085,-2372.2850636839867,-3459.6280956864357,1731337436.7882288
-2712.3332529067993,-2580.046851694584,-2834.9813528060913,-3013.3056592941284,1731337436.788229
-2744.1419060230255,-3475.2613393068314,-3936.395932137966,-3041.559722483158,1731337436.7882316
-3263.9315457344055,-4615.687098741531,-5192.582932531834,-3469.2793350219727,1731337436.788232
-4006.2494608163834,-5511.426801502705,-6071.3215319514275,-4071.823124408722,1731337436.7882347
-4624.856107234955,-5763.008822321892,-6178.569580972195,-4560.6776612997055,1731337436.7882352
-4818.011206746101,-5204.004949688911,-5399.440000712872,-4688.543643712997,1731337436.788238
-4440.878222823143,-3975.0267520546913,-3956.973812222481,-4343.268339931965,1731337436.7882388
-3569.490685045719,-2489.6404237151146,-2348.694733917713,-3598.4015414118767,1731337436.7882419
-2482.4460631012917,-1279.518190562725,-1156.2066186070442,-2692.464985847473,1731337436.788242
-1554.5737748146057,-775.887257874012,-803.3853066563606,-1936.4124048352242,1731337436.7882447
-1105.1459375619888,-1133.7815729379654,-1384.1681109070778,-1588.1268928647041,1731337436.7882452
-1271.1302545070648,-2180.6795350909233,-2638.7870464920998,-1751.3346933722496,1731337436.7882485
-1959.9775077104568,-3497.4189038276672,-4069.911366045475,-2340.3637665510178,1731337436.7882504
-2892.428725063801,-4579.679781496525,-5131.035086512566,-3117.4634553790092,1731337436.7882533
-3707.907479584217,-5015.149285793304,-5415.851846575737,-3781.026279449463,1731337436.7882535
-4092.427195906639,-4628.241084098816,-4801.230032503605,-4073.050371468067,1731337436.78826
-3892.4677317142487,-3554.579230904579,-3506.222426712513,-3874.4212364554405,1731337436.7882605
-3178.9892385601997,-2205.69147503376,-2027.0070061087608,-3255.3410274386406,1731337436.7882638
-2228.2160804867744,-1112.1812192201614,-944.2524055242538,-2453.5038669109344,1731337436.788264
-1414.0200377702713,-703.7013562917709,-679.8959156870842,-1780.3798320293427,1731337436.788269
-1054.9144476652145,-1133.0461256504059,-1325.1046439409256,-1494.7012496590614,1731337436.78827
-1286.6782478690147,-2225.7501873373985,-2617.8485205173492,-1700.5391937494278,1731337436.788275
-2014.9990921020508,-3561.53750115633,-4059.726092338562,-2311.4388996362686,1731337436.7882757
-2957.873271584511,-4634.870454490185,-5103.322454869747,-3087.0951783061028,1731337436.788278
-3750.3908383250237,-5030.75874966383,-5340.08495849371,-3721.0647780299187,1731337436.7882829
-4072.8160234093666,-4569.261746287346,-4643.022543013096,-3948.7183772325516,1731337436.788286
-3765.902838408947,-3381.1295553445816,-3226.839929461479,-3644.3505406975746,1731337436.7882864
-2896.9294456243515,-1874.0659468770027,-1584.2784379124641,-2873.802569806576,1731337436.788289
-1741.8988700509071,-576.9678189754486,-294.330006480217,-1873.9559416770935,1731337436.7882893
-678.1943951249123,79.45199275016785,220.2760443687439,-959.2217176556587,1731337436.7882917
-31.148922443389893,-62.25912827253342,-136.08718234300613,-394.77901631593704,1731337436.7882946
53.65787607431412,-836.8943915367126,-1110.8414151072502,-294.63199043273926,1731337436.7882993
-342.4701299071312,-1838.6798711419106,-2220.71204161644,-586.059329032898,1731337436.7882996
-954.1768708825111,-2581.623752117157,-2938.6741611361504,-1046.3387557268143,1731337436.788303
-1436.4399481415749,-2673.891226232052,-2880.0514231324196,-1389.4842125177383,1731337436.7883031
-1491.0078196525574,-1959.8968811631203,-1942.470429301262,-1372.1852213144302,1731337436.7883065
-979.4486821293831,-593.0944543480873,-362.90745317935944,-888.5030496120453,1731337436.7883067
13.53739470243454,1001.3336868882179,1349.6082139015198,-19.914985954761505,1731337436.7883105
1201.1849164962769,2286.0767493247986,2609.394880235195,987.9369120597839,1731337436.7883108
2204.5248906612396,2833.0330119132996,2998.166183769703,1820.7607550024986,1731337436.7885177
2706.018220245838,2497.4536764621735,2434.6573544740677,2222.4928765296936,1731337436.78852
2575.3613669872284,1464.5872640609741,1192.9226689338684,2095.573961019516,1731337436.7885318
1913.8919855356216,164.104787170887,-218.7564476132393,1533.8888117671013,1731337436.7885325
1008.9977710843086,-893.7276256680489,-1248.551517009735,783.0196841359138,1731337436.788536
227.27357161045074,-1295.0621396303177,-1490.029570043087,150.68242126703262,1731337436.7885363
-113.68914717435837,-865.81636095047,-823.3225488066673,-101.02126663923264,1731337436.7885413
140.74456012248993,255.47428357601166,528.0502114892006,148.9946604371071,1731337436.7885416
918.5305792689323,1655.1588133573532,2065.0445417761803,830.3743934035301,1731337436.7885554
1941.665119946003,2803.929448187351,3208.637704372406,1704.0998151898384,1731337436.7885556
2835.864800989628,3277.8985788226128,3543.647296190262,2457.8646976947784,1731337436.7885585
3284.349773943424,2932.2865119576454,2987.603342294693,2833.417717933655,1731337436.7885587
3153.939100384712,1947.5059841871262,1808.2194098234177,2727.6255173683167,1731337436.788561
2539.836517751217,743.8503509163857,502.75722205638885,2226.2977989912033,1731337436.7885616
1720.7846993207932,-181.02929085493088,-390.90089666843414,1565.4196817874908,1731337436.788566
1053.2290682792664,-427.67879581451416,-481.46657115221024,1042.4870363473892,1731337436.7885666
843.8187177181244,162.9912891983986,335.85364282131195,909.3450823426247,1731337436.788806
1235.843139052391,1438.2577351927757,1824.0598983764648,1277.2561039328575,1731337436.7888074
2146.233147263527,2973.0655069351196,3474.2985512018204,2067.2678185105324,1731337436.7888231
3287.711070239544,4231.398732304573,4703.140979707241,3034.1563279032707,1731337436.788824
4280.162221968174,4788.132089495659,5096.683831572533,3862.804104268551,1731337436.7888284
4805.372901856899,4501.909685015678,4578.0883467793465,4295.702570676804,1731337436.7888288
4732.666993916035,3559.2284465432167,3422.7169373631477,4233.11242800951,1731337436.7888458
4161.9668462872505,2386.579829156399,2134.7653799653053,3765.242141008377,1731337436.7888465
3376.414713859558,1485.3745197057724,1255.7089763879776,3131.4321474432945,1731337436.7888627
2734.0114583969116,1254.5877539515495,1175.4123947024345,2629.5601776242256,1731337436.788868
2539.0017127990723,1848.5477100014687,1992.5457932949066,2508.113924264908,1731337436.7888732
2929.2779460549355,3107.4384090304375,3461.750989615917,2872.2464066147804,1731337436.7888737
3815.5686522722244,4599.609271466732,5066.829484522343,3636.196590423584,1731337436.7888782
4905.69283002615,5785.055208563805,6220.196318864822,4549.219005286694,1731337436.7888784
5817.216544449329,6237.881440639496,6507.364646434784,5293.268948197365,1731337436.7888813
6232.555549323559,5818.724928557873,5853.767782568932,5611.01792883873,1731337436.7888815
6024.234576404095,4718.018762886524,4538.884697258472,5405.792372345924,1731337436.788885
5297.079317390919,3367.2756037712097,3071.953160107136,4773.107644677162,1731337436.7888858
4339.954525470734,2273.395071685314,1999.9765451550484,3959.3048743009567,1731337436.78889
3516.859219431877,1840.9897708296776,1718.7131922245026,3270.4343498945236,1731337436.7888901
3137.878316640854,2229.8151392936707,2332.6474610567093,2963.171364545822,1731337436.788894
3346.114608645439,3285.1174581050873,3601.8168622255325,3149.360012590885,1731337436.7888942
4056.8621079921722,4580.722140669823,5015.81063491106,3747.955191731453,1731337436.7888973
4982.585072875023,5583.784264683723,5994.576773583889,4511.938492536545,1731337436.7888975
5746.31777715683,5877.361803352833,6132.819889307022,5127.167380452156,1731337436.7889009
6036.5314210653305,5331.020342588425,5364.649232327938,5340.522588014603,1731337436.788901
5731.212941169739,4141.65855550766,3975.1986376047134,5059.220215678215,1731337436.788908
4939.15111553669,2743.8313074707985,2475.689196050167,4381.970605194569,1731337436.7889085
3951.980220913887,1645.2638248205185,1412.903616964817,3557.8245651721954,1731337436.7889123
3136.1103534698486,1250.9749571681023,1182.001747906208,2895.2876381874084,1731337436.7889128
2803.6607922315598,1721.1746873259544,1887.0585590600967,2652.9826512932777,1731337436.7889173
3098.503717780113,2901.019494533539,3287.5601431131363,2943.686662554741,1731337436.7889178
3934.9746733903885,4363.452823460102,4872.2808121442795,3685.9828855395317,1731337436.7889233
5023.31484413147,5574.0142832398415,6060.03592479229,4631.1335616111755,1731337436.7889235
5983.639694690704,6113.015094995499,6443.497190475464,5461.9664080142975,1731337436.7889287
6500.830530047417,5845.370191991329,5952.84515529871,5921.022932291031,1731337436.7889292
6448.0158104896545,4960.444293677807,4866.108149766922,5909.409327447414,1731337436.7889323
5926.555089235306,3881.0438461899757,3682.6759471297264,5516.6427627801895,1731337436.7889326
5216.47392976284,3097.853166759014,2931.7879766225815,4978.0355788469315,1731337436.7889376
4667.798560857773,2994.155429959297,2986.3214242458344,4583.810096085072,1731337436.788938
4573.080684542656,3706.8800669312477,3926.8832678198814,4572.105835616589,1731337436.78894
5056.850624203682,5061.097233057022,5493.273026287556,5036.7837463617325,1731337436.7889404
6017.8400094509125,6616.793765962124,7162.248871386051,5882.401080131531,1731337436.7889435
7156.7085691690445,7835.192541837692,8349.441345453262,6852.855886697769,1731337436.7889469
8090.876532673836,8300.108377873898,8651.856604754925,7630.522128999233,1731337436.7889495
8508.97475361824,7885.50486177206,8008.941217720509,7963.490809082985,1731337436.78895
8292.877138495445,6792.956182062626,6710.587669372559,7762.905312657356,1731337436.788954
7556.036129355431,5459.3197920918465,5269.622072637081,7131.430230081081,1731337436.7889545
6592.776124954224,4390.816175222397,4230.253242313862,6319.737167716026,1731337436.7889588
5769.106570124626,3987.702041924,3982.0375747680664,5635.041338741779,1731337436.7889593
5394.9039478302,4405.133515298367,4623.879138767719,5333.554538309574,1731337436.7889633
5612.601395368576,5486.918692231178,5914.724554240704,5527.44923055172,1731337436.7889636
6338.142700791359,6810.859459161758,7349.775630235672,6138.57099211216,1731337436.7891748
7287.18134355545,7853.040775299072,8360.117635965347,6925.5068795681,1731337436.7891767
8088.226005554199,8206.789154171944,8552.462875723839,7581.03355717659,1731337436.7891817
8435.51413679123,7748.2302775383,7868.003872513771,7857.829747915268,1731337436.7891817
8210.115368247032,6673.105324745178,6589.923404216766,7664.874955773354,1731337436.789184
7518.376820206642,5405.601511836052,5217.408600926399,7096.117511749268,1731337436.7891846
6642.437434911728,4435.208919763565,4277.229481339455,6388.548173069954,1731337436.7891865
5933.133633613586,4144.988288998604,4141.576772809029,5833.291466474533,1731337436.7891867
5684.709607243538,4675.843863368034,4895.588609218597,5670.6865438222885,1731337436.7891943
6026.145013689995,5862.944233894348,6290.538784623146,5999.385179281235,1731337436.7891953
6864.571725964546,7282.484928488731,7821.043690443039,6731.814239382744,1731337436.7891984
7912.956998229027,8415.094862699509,8923.283836960793,7622.395931363106,1731337436.7891989
8802.69888329506,8861.218244194984,9210.75773191452,8364.614144206047,1731337436.7892013
9233.8731726408,8502.179958581924,8628.607611179352,8714.716080665588,1731337436.7892015
9092.958287000656,7534.231670022011,7458.799633026123,8585.728469610214,1731337436.7892032
8488.782141804695,6377.277802467346,6194.729349017143,8074.432336807251,1731337436.7892034
7702.26284134388,5513.415576815605,5355.03997528553,7418.591294884682,1731337436.7892053
7080.079426646233,5317.594321012497,5304.006344079971,6907.990697860718,1731337436.7892053
6910.957316040993,5924.317522525787,6121.3891315460205,6780.356114029884,1731337436.7892072
7318.738454580307,7165.905678033829,7557.357283115387,7132.065169095993,1731337436.7892075
8207.373348712921,8619.922646045685,9110.064684867859,7875.201408982277,1731337436.7892096
9289.640711665154,9771.788414359093,10222.39922952652,8766.254410386086,1731337436.78921
10199.596758127213,10227.987040758133,10514.88268494606,9502.361106991768,1731337436.7892125
10641.114551782608,9874.100016117096,9936.73395216465,9843.486279845238,1731337436.7892127
10503.005935192108,8906.308399558067,8768.736933588982,9704.723878979683,1731337436.7892148
9893.04343187809,7739.692162036896,7497.916930675507,9181.998136162758,1731337436.7892168
9087.51761496067,6848.601959943771,6633.7280749082565,8509.14273583889,1731337436.789219
8426.194388747215,6599.897927522659,6531.411275267601,7969.879022240639,1731337436.7892191
8190.7363069057465,7121.940021634102,7264.318907380104,7795.311827540398,1731337436.7892213
8500.331658005714,8244.875486373901,8580.817652225494,8076.4991010427475,1731337436.7892215
9258.795934438705,9549.362357854843,9982.896832704544,8723.266104340553,1731337436.7892237
10183.914770245552,10528.68921160698,10922.018829226494,9494.062596678734,1731337436.789224
10918.75957775116,10799.647725820541,11029.351323723793,10092.025063633919,1731337436.7892256
11178.048223733902,10257.948347330093,10264.18068933487,10285.454433441162,1731337436.7892263
10861.24826490879,9108.390313744545,8915.64691901207,9998.039706230164,1731337436.7892282
10085.394780874252,7773.001128554344,7477.416072010994,9333.262171506882,1731337436.7892284
9134.057713985443,6731.594977736473,6464.126771330833,8530.93517279625,1731337436.78923
8352.08011007309,6355.47146821022,6235.331614136696,7879.041971325874,1731337436.7892303
8024.082528710365,6777.208972454071,6868.810672163963,7611.480344414711,1731337436.7892325
8270.414967536926,7831.531185746193,8118.151051521301,7821.208546876907,1731337436.7892327
8994.784054517746,9103.563538908958,9490.722654938698,8419.52609717846,1731337436.7892344
9914.039779782295,10089.349234461784,10441.539212584496,9165.900940418243,1731337436.7892349
10669.536350607872,10404.966747760773,10601.32559132576,9763.681034684181,1731337436.7892432
10973.182842969894,9940.929581403732,9923.616255879402,9980.170800328255,1731337436.7892437
10720.213182330132,8892.57893538475,8686.761353850365,9736.482959747314,1731337436.7892454
10022.427055358887,7670.519717693329,7371.469331264496,9132.269611597061,1731337436.7892492
9158.872985959053,6745.289069056511,6482.087122797966,8403.95808339119,1731337436.7892532
8472.55368244648,6484.402643203735,6374.1876002550125,7838.588334441185,1731337436.7892537
8249.46300458908,7022.481813073158,7128.02963244915,7671.960983037949,1731337436.7892556
8613.419310688972,8200.137888669968,8503.83077120781,8000.417359471321,1731337436.789256
9471.863570094109,9609.593689203262,10016.82264316082,8738.247762680054,1731337436.789258
10543.662552833557,10752.114478111267,11127.707106351852,9645.803306102753,1731337436.7892585
11468.668724536896,11244.007598757744,11467.337854385376,10423.817411661148,1731337436.7892604
11952.851937174797,10969.566432595253,10982.389843344688,10832.899906396866,1731337436.7892609
11881.409147024155,10112.33808016777,9938.518911242485,10783.781730771065,1731337436.7892673
11353.206120967865,9067.629299044609,8800.235040903091,10363.004840493202,1731337436.789268
10633.022003650665,8289.393457770348,8054.599007487297,9792.463325619698,1731337436.7892716
10050.086570382118,8129.640471577644,8041.387859106064,9345.055183887482,1731337436.789272
9879.198754906654,8711.253596544266,8829.391218423843,9245.144167661667,1731337436.7892747
10237.549016714096,9869.365697145462,10174.158685207367,9582.57766008377,1731337436.7892754
11031.88091313839,11198.251173496246,11594.143939495087,10271.367231607437,1731337436.7892776
11986.572080612183,12208.15027666092,12560.239744663239,11077.611732959747,1731337436.789278
12752.237341761589,12529.056616187096,12717.922369241714,11712.415927767754,1731337436.7892797
13048.946905732155,12060.785917282104,12029.913093805313,11949.458724856377,1731337436.7892802
12776.817606329918,11001.45784342289,10776.658022522926,11713.256902456284,1731337436.789282
12047.592253804207,9757.5325871706,9433.864257574081,11102.70789206028,1731337436.7892823
11134.283726930618,8788.842039227486,8494.326488256454,10348.288526773453,1731337436.7892845
10368.39937710762,8447.431340813637,8297.49600982666,9726.004262447357,1731337436.7892847
10021.826630592346,8851.725927472115,8907.275908350945,9457.976148366928,1731337436.7892869
10206.304239034653,9831.039758086205,10073.146002531052,9628.639356017113,1731337436.789287
10823.900397539139,10976.085113048553,11310.069258332253,10146.604461193085,1731337436.7893555
11597.69578564167,11798.159343481064,12090.34441280365,10775.32748913765,1731337436.7893562
12181.387660622597,11932.978080391884,12065.532480955124,11227.356725096703,1731337436.7893589
12301.697848200798,11288.687275886536,11206.671978235245,11281.54615855217,1731337436.789359
11866.978949904442,10071.614985108376,9801.837230920792,10869.748141646385,1731337436.7893617
10996.727515935898,8694.448196172714,8332.047936558723,10098.49185371399,1731337436.789362
9969.81893312931,7620.743229866028,7293.025709152222,9204.86224591732,1731337436.789364
9121.229406356812,7204.187922477722,7025.464983224869,8469.966798901558,1731337436.7893643
8724.231910705566,7563.597439169884,7593.663672208786,8119.55134999752,1731337436.789367
8890.552823543549,8528.275215744972,8747.411863923073,8240.317748785019,1731337436.7893674
9521.576771974564,9689.247866511345,10002.504403829575,8742.040755271912,1731337436.7893696
10339.708347797394,10558.753261089325,10832.659533023834,9388.725732088089,1731337436.78937
10998.13062620163,10773.22551393509,10890.341736197472,9892.980390787125,1731337436.789372
11222.366787552834,10239.376569271088,10144.98546743393,10032.430551171303,1731337436.7893727
10917.64370238781,9158.495159983635,8879.231806278229,9735.36082816124,1731337436.7893748
10197.838542222977,7934.806634902954,7565.149418592453,9102.131868124008,1731337436.7893753
9334.158612370491,7021.407803177834,6687.461115002632,8361.649036049843,1731337436.7893772
8652.902334094048,6761.2096118927,6575.561129331589,7785.714683175087,1731337436.7893775
8418.553151607513,7263.122068762779,7283.480885386467,7590.410790324211,1731337436.7893791
8734.354914546013,8348.141512155533,8552.682431936264,7853.028963446617,1731337436.7893796
9493.979977607727,9601.434249281883,9893.555389404297,8475.033484697342,1731337436.7893815
10413.946579813957,10532.823500394821,10778.325158119202,9214.585405230522,1731337436.7893822
11144.599018454552,10780.10328567028,10861.927357077599,9782.133540987968,1731337436.789384
11412.00863480568,10254.113862037659,10118.726199865341,9956.711112618446,1731337436.7893848
11124.459104299545,9161.355178713799,8836.75499033928,9670.19967508316,1731337436.7893865
10400.06720995903,7911.224210143089,7493.009985566139,9027.464395403862,1731337436.7893867
9514.324887156487,6961.438079237938,6576.579142689705,8262.189298152924,1731337436.789389
8797.015198469162,6658.683203101158,6420.58376121521,7650.868736505508,1731337436.7893891
8515.225328683853,7115.306033492088,7082.6775369644165,7414.222079396248,1731337436.7893915
8775.004423499107,8156.905707836151,8309.346315026283,7634.778170704842,1731337436.7893918
9474.567763924599,9375.593715906143,9618.513308763504,8220.458511710167,1731337436.789394
10337.333039045334,10289.840173125267,10491.523005485535,8936.732486248016,1731337436.7893944
11021.813118696213,10545.199117064476,10591.03613615036,9500.746519327164,1731337436.7893968
11261.244524478912,10056.165333747864,9894.388064622879,9695.838198423386,1731337436.7893972
10967.886284947395,9026.709712862968,8685.944896697998,9454.395258307457,1731337436.789399
10259.550885558128,7857.719505190849,7432.910634875298,8877.418496251106,1731337436.7893994
9407.781012654305,6995.117137670517,6611.492276072502,8191.278639674187,1731337436.7894013
8736.996877789497,6774.5771251916885,6543.210451960564,7664.127646923065,1731337436.7894015
8509.747682571411,7301.157503724098,7278.400283336639,7509.654957771301,1731337436.7894034
8828.984804034233,8397.189447402954,8560.627683281898,7805.408027768135,1731337436.789404
9590.605031609535,9654.25337934494,9907.788992881775,8455.968295812607,1731337436.789406
10516.018093943596,10591.835664510727,10802.704306840897,9224.854190707207,1731337436.7894063
11262.322821855545,10857.6252566576,10910.40804362297,9828.859758377075,1731337436.7894082
11562.391485571861,10369.577395677567,10211.705750465393,10052.864010572433,1731337436.7894087
11329.132478952408,9336.457831382751,8995.7059943676,9832.638537049294,1731337436.7894104
10681.35868692398,8164.311665415764,7734.776479959488,9273.535320043564,1731337436.7894108
9890.843111395836,7302.895405292511,6909.033014297485,8605.493728995323,1731337436.7894127
9280.221768379211,7088.89623606205,6841.18843460083,8097.641379594803,1731337436.7894132
9107.74379003048,7625.429018855095,7580.049023151398,7961.496963143349,1731337436.7894151
9470.681623101234,8731.78180861473,8866.91254222393,8270.590301036835,1731337436.7894154
10260.136134982109,9997.823422670364,10218.993730545044,8925.690064907074,1731337436.7894173
11195.270261645317,10943.441271543503,11120.42675948143,9687.92681646347,1731337436.7894175
11933.517680048943,11217.296169281006,11237.612783908844,10273.142263770103,1731337436.78942
12209.274494409561,10735.979277610779,10549.653736829758,10465.863008022308,1731337436.7894204
11936.11303460598,9702.355054616928,9338.855930447578,10200.851767420769,1731337436.7894225
11231.25250673294,8512.59685742855,8066.8018345832825,9581.035134792328,1731337436.7894225
10363.096656560898,7605.876517415047,7202.55487537384,8833.165252804756,1731337436.7894247
9651.23336815834,7311.497647404671,7061.463539719582,8224.181901812553,1731337436.7894251
9353.39303123951,7731.0843296051025,7691.152434587479,7966.014985918999,1731337436.7894275
9570.054784059525,8689.113993644714,8838.524467349052,8135.901621222496,1731337436.789428
10199.37864947319,9786.471202969551,10032.153730988503,8641.605642676353,1731337436.78943
10970.746654987335,10557.75461101532,10770.884116292,9253.919085264206,1731337436.7894304
11553.384414553642,10666.971747279167,10735.861983895302,9699.469033360481,1731337436.7894323
11692.822193861008,10043.770529389381,9918.015281438828,9772.539914131165,1731337436.7894328
11311.211730003357,8900.21194255352,8607.206672668457,9414.948994994164,1731337436.789435
10530.885041475296,7637.58265542984,7268.455252766609,8733.377061843872,1731337436.7894351
9621.709866285324,6696.384965062141,6370.861444354057,7955.105631947517,1731337436.7894375
8901.332682609558,6403.971435666084,6227.273943543434,7344.678877234459,1731337436.789438
8622.97475540638,6857.793466687202,6881.579006075859,7109.461116671562,1731337436.7895389
8881.572900295258,7877.696972131729,8077.447812795639,7321.405421614647,1731337436.7895393
9570.378847837448,9060.92403268814,9341.751933813095,7883.8160363435745,1731337436.789542
10415.372339010239,9939.221465229988,10172.264149069786,8564.52528488636,1731337436.7895424
11083.5783598423,10172.976355075836,10247.574259638786,9088.273103952408,1731337436.7895443
11318.593834877014,9686.277684211731,9553.322615146637,9247.662678480148,1731337436.7895448
11040.2743871212,8684.03045475483,8372.019032478333,8982.537893891335,1731337436.7895472
10368.32293498516,7560.108714938164,7160.938133716583,8397.3365098238,1731337436.7895477
9569.87296140194,6748.578436970711,6382.410084366798,7716.976827383041,1731337436.789549
8959.821229100227,6572.031568408012,6344.1788692474365,7203.622415781021,1731337436.7895496
8788.809318065643,7125.254583239555,7087.066142678261,7062.424493312836,1731337436.7895513
9149.483870744705,8227.521968364716,8353.764269590378,7363.338468670845,1731337436.7895515
9932.638794660568,9476.754859805107,9671.644525647163,8007.487220883369,1731337436.7895536
10861.210926890373,10405.691824436188,10539.783967733383,8760.050008773804,1731337436.789554
11599.158643960953,10675.77130997181,10638.560084581375,9343.081414699554,1731337436.7895555
11887.75729739666,10211.7429407835,9955.008348226547,9547.010694861412,1731337436.789556
11645.06957757473,9217.753567934036,8771.291834950447,9309.923123121262,1731337436.789558
10988.85959482193,8085.21448135376,7542.34182703495,8734.507516264915,1731337436.7895584
10184.292561292648,7245.214642167091,6727.5258930921555,8044.002962112427,1731337436.7895696
9545.25896203518,7018.695628404617,6633.042469620705,7499.765178799629,1731337436.78957
9323.123304724693,7501.25600373745,7300.904307246208,7307.801788449287,1731337436.7895775
9613.043919324875,8515.67191529274,8478.065776348114,7540.713099122047,1731337436.7895777
10310.373645186424,9666.426213145256,9699.495353579521,8104.141830205917,1731337436.7895796
11145.201643586159,10496.03603899479,10474.96897494793,8769.970547318459,1731337436.7895803
11790.776233673096,10677.513525247574,10496.82811653614,9268.82186949253,1731337436.789582
11998.233428001404,10146.63009917736,9762.827889919281,9400.414205789566,1731337436.7895825
11694.435706615448,9116.086504220963,8562.68156182766,9111.347103595734,1731337436.7895844
11003.389855980873,7981.841889739037,7354.28195977211,8510.539013028145,1731337436.7895849
10192.324065446854,7174.1454610824585,6594.357070565224,7823.944272518158,1731337436.7895868
9571.706155657768,7006.873129248619,6580.387860417366,7311.131307125092,1731337436.7895873
9383.963097214699,7562.789902329445,7340.149403214455,7171.250028729439,1731337436.7895892
9711.640803813934,8648.629646062851,8603.506323456764,7465.84731054306,1731337436.7895896
10437.106991052628,9853.95970094204,9890.119197487831,8088.087134242058,1731337436.7895918
11280.676321387291,10711.769796133041,10700.661458730698,8799.478432416916,1731337436.789592
11911.556756615639,10892.939182400703,10726.344859838486,9324.944155335426,1731337436.7895944
12083.045556306839,10337.344155788422,9970.142940878868,9463.718818426132,1731337436.7895977
11728.802018880844,9265.018166065216,8729.986664533615,9165.882598161697,1731337436.7895997
10981.928293704987,8079.945797562599,7472.328341841698,8545.997477412224,1731337436.7896
10119.338887810707,7220.097159743309,6661.707346320152,7836.491536617279,1731337436.789602
9460.98923587799,7006.807140827179,6602.7015236616135,7303.672925233841,1731337436.7896025
9258.017092585564,7530.217663407326,7329.938286185265,7153.648347020149,1731337436.7896044
9600.024740219116,8604.21325480938,8580.163980722427,7454.856858253479,1731337436.7896051
10373.938712716103,9824.945247769356,9879.805145978928,8106.418768644333,1731337436.7896068
11301.851212263107,10731.018371343613,10735.69288611412,8873.979569077492,1731337436.7896073
12052.22979426384,10997.272884249687,10843.597034454346,9484.38236796856,1731337436.7896094
12375.35859310627,10564.67369389534,10207.82905447483,9736.445765376091,1731337436.78961
12199.491977334023,9650.228495240211,9123.019104719162,9577.484491586685,1731337436.7896116
11650.083365440369,8650.873367667198,8048.017426729202,9117.477618336678,1731337436.789612
10995.224389910698,7995.378643751144,7437.770835757256,8583.754689693451,1731337436.789614
10546.149094223976,7995.724702954292,7587.521401524544,8238.114653587341,1731337436.7896144
10545.706291794777,8733.15391755104,8523.395769119263,8282.602510094643,1731337436.7896163
11075.380159020424,10013.397206783295,9974.698680520058,8781.320696592331,1731337436.7896168
12014.8153693676,11426.81624174118,11463.12623846531,9628.957567691803,1731337436.789619
13081.649357795715,12510.694202661514,12495.509607315063,10587.817512631416,1731337436.7896194
13944.460283041,12943.401197552681,12772.353928923607,11383.474232912064,1731337436.789621
14358.202305197716,12672.427132964134,12305.134411931038,11815.58230805397,1731337436.7896216
14258.729122161865,11921.330013871193,11394.867254137993,11833.567393660545,1731337436.7896237
13779.306034207344,11090.166137695312,10502.495035648346,11548.831965088844,1731337436.789624
13192.707122802734,10603.959794521332,10077.360388875008,11186.332682013512,1731337436.789626
12809.178134679794,10762.62573826313,10400.242466449738,10999.368009090424,1731337436.7896264
12864.850671291351,11629.337231040001,11476.847667813301,11176.069106578827,1731337436.7896283
13431.027732849121,12990.611593961716,13015.517867565155,11764.431613326073,1731337436.7896285
14376.40970814228,14420.777767658234,14521.034991264343,12644.141810059547,1731337436.7896307
15408.881687402725,15446.650507330894,15489.784995794296,13565.903650522232,1731337436.7896311
16190.041601538658,15742.753737211227,15619.289080142975,14248.78595173359,1731337436.7896328
16472.106308817863,15259.646343111992,14925.566759467125,14492.172955870628,1731337436.7896333
16193.32166147232,14230.437883377075,13720.843149781227,14251.736409544945,1731337436.7896354
15494.763209342957,13070.546120166779,12482.919270396233,13651.500047206879,1731337436.789636
